{
  "project_info": {
    "project_number": "345095609662",
    "firebase_url": "https://pfe2020-872da.firebaseio.com",
    "project_id": "pfe2020-872da",
    "storage_bucket": "pfe2020-872da.appspot.com"
  },
  "client": [
    {
      "client_info": {
        "mobilesdk_app_id": "1:345095609662:android:6a957b60e78b4dce20e06f",
        "android_client_info": {
          "package_name": "com.example.pfe"
        }
      },
      "oauth_client": [
        {
          "client_id": "345095609662-oieo012eb90lv9a0geuim3bbkto3epfl.apps.googleusercontent.com",
          "client_type": 3
        }
      ],
      "api_key": [
        {
          "current_key": "AIzaSyB9Nydq22MJM_5hN10Qtbe_SgoK2LDARac"
        }
      ],
      "services": {
        "appinvite_service": {
          "other_platform_oauth_client": [
            {
              "client_id": "345095609662-oieo012eb90lv9a0geuim3bbkto3epfl.apps.googleusercontent.com",
              "client_type": 3
            }
          ]
        }
      }
    }
  ],
  "configuration_version": "1"
}